player_id,main_position_Attack,minutes_played,contract_remaining_years,value,predicted_value,prediction_error,error_pct
952979,False,1426.0,2.0,450000.0,2600000.0,2150000.0,4.777777777777778
952979,False,1426.0,2.0,450000.0,2600000.0,2150000.0,4.777777777777778
952979,False,1426.0,2.0,450000.0,2600000.0,2150000.0,4.777777777777778
952979,False,1426.0,2.0,450000.0,2200000.0,1750000.0,3.888888888888889
952979,False,1426.0,2.0,450000.0,2200000.0,1750000.0,3.888888888888889
952979,False,1426.0,2.0,450000.0,2100000.0,1650000.0,3.6666666666666665
